Word,Frequency,Probability
knowledge,288,0.02376
true,129,0.01064
sense-data,114,0.00941
object,102,0.00842
belief,100,0.00825
physical,96,0.00792
objects,94,0.00776
relation,92,0.00759
sense,89,0.00734
table,87,0.00718
truth,87,0.00718
mind,83,0.00685
experience,76,0.00627
acquaintance,75,0.00619
space,72,0.00594
philosophy,70,0.00578
acquainted,70,0.00578
proposition,61,0.00503
time,60,0.00495
question,59,0.00487
colour,56,0.00462
universals,56,0.00462
priori,55,0.00454
exist,54,0.00446
principle,54,0.00446
terms,53,0.00437
reason,53,0.00437
law,53,0.00437
existence,52,0.00429
view,51,0.00421
minds,50,0.00413
called,49,0.00404
beliefs,48,0.00396
principles,47,0.00388
truths,47,0.00388
nature,46,0.00380
real,44,0.00363
relations,42,0.00347
description,42,0.00347
sort,42,0.00347
matter,42,0.00347
judgement,40,0.00330
doubt,38,0.00314
people,38,0.00314
word,38,0.00314
form,35,0.00289
philosophers,34,0.00281
instance,34,0.00281
person,33,0.00272
exists,33,0.00272
mental,33,0.00272
complex,33,0.00272
ideas,32,0.00264
certainty,32,0.00264
common,32,0.00264
sun,31,0.00256
laws,30,0.00248
life,30,0.00248
universe,30,0.00248
propositions,30,0.00248
logic,30,0.00248
science,29,0.00239
universal,29,0.00239
self-evidence,29,0.00239
chapter,28,0.00231
answer,27,0.00223
false,27,0.00223
actual,27,0.00223
falsehood,27,0.00223
electronic,27,0.00223
questions,26,0.00215
prove,26,0.00215
argument,26,0.00215
suppose,26,0.00215
particulars,26,0.00215
regard,25,0.00206
future,25,0.00206
body,25,0.00206
subject,25,0.00206
shape,24,0.00198
difficult,23,0.00190
aware,23,0.00190
memory,23,0.00190
senses,22,0.00182
supposed,22,0.00182
logical,22,0.00182
tree,22,0.00182
self-evident,22,0.00182
theory,21,0.00173
consists,21,0.00173
private,21,0.00173
judgements,21,0.00173
instances,21,0.00173
sensations,20,0.00165
understand,20,0.00165
degree,20,0.00165
contradiction,20,0.00165
intuitive,20,0.00165
light,19,0.00157
property,19,0.00157
independent,19,0.00157
believing,19,0.00157
result,19,0.00157
connexion,19,0.00157
so-and-so,19,0.00157
inductive,19,0.00157
mortal,19,0.00157
probability,18,0.00149
reasons,18,0.00149
proved,18,0.00149
mere,18,0.00149
account,18,0.00149
red,18,0.00149
probable,18,0.00149
deduced,18,0.00149
agreement,18,0.00149
loves,18,0.00149
copyright,18,0.00149
derived,17,0.00140
wholly,17,0.00140
appears,17,0.00140
applies,17,0.00140
sensation,17,0.00140
definite,17,0.00140
sense-datum,17,0.00140
involved,17,0.00140
idea,17,0.00140
held,17,0.00140
conclusion,17,0.00140
data,17,0.00140
believes,17,0.00140
single,17,0.00140
sight,16,0.00132
attempt,16,0.00132
white,16,0.00132
properties,16,0.00132
arguments,16,0.00132
capable,16,0.00132
concerned,16,0.00132
definition,16,0.00132
induction,15,0.00124
experiences,15,0.00124
feel,15,0.00124
evident,15,0.00124
plain,15,0.00124
inference,15,0.00124
involve,15,0.00124
impossible,15,0.00124
error,15,0.00124
i.e,15,0.00124
premisses,15,0.00124
whiteness,15,0.00124
derivative,15,0.00124
natural,14,0.00116
statement,14,0.00116
touch,14,0.00116
difficulty,14,0.00116
moment,14,0.00116
opposed,14,0.00116
led,14,0.00116
opinion,14,0.00116
set,14,0.00116
human,14,0.00116
contrary,14,0.00116
based,14,0.00116
empirical,14,0.00116
apparent,13,0.00107
considered,13,0.00107
collection,13,0.00107
believed,13,0.00107
depend,13,0.00107
admit,13,0.00107
knowing,13,0.00107
contemplation,13,0.00107
study,12,0.00099
colours,12,0.00099
deny,12,0.00099
appearance,12,0.00099
depends,12,0.00099
regarded,12,0.00099
motion,12,0.00099
perception,12,0.00099
blind,12,0.00099
judge,12,0.00099
remain,12,0.00099
applicable,12,0.00099
expectations,12,0.00099
unity,12,0.00099
trademark,12,0.00099
donations,12,0.00099
thinking,11,0.00091
man's,11,0.00091
meaning,11,0.00091
required,11,0.00091
hold,11,0.00091
reality,11,0.00091
grounds,11,0.00091
absolute,11,0.00091
dreams,11,0.00091
connected,11,0.00091
answers,11,0.00091
instinctive,11,0.00091
kinds,11,0.00091
spaces,11,0.00091
evidence,11,0.00091
difference,11,0.00091
quality,11,0.00091
previous,11,0.00091
spite,11,0.00091
to-morrow,11,0.00091
arithmetic,11,0.00091
pure,11,0.00091
erroneous,11,0.00091
love,11,0.00091
included,10,0.00083
assume,10,0.00083
times,10,0.00083
agree,10,0.00083
philosopher,10,0.00083
commonly,10,0.00083
inferred,10,0.00083
independently,10,0.00083
rate,10,0.00083
feelings,10,0.00083
valid,10,0.00083
completely,10,0.00083
power,10,0.00083
experienced,10,0.00083
hear,10,0.00083
perceive,10,0.00083
philosophical,10,0.00083
association,10,0.00083
ground,10,0.00083
correspondence,10,0.00083
pass,10,0.00083
hope,10,0.00083
desire,10,0.00083
obvious,10,0.00083
rise,10,0.00083
proof,10,0.00083
equally,10,0.00083
piece,10,0.00083
beech,10,0.00083
reasoning,10,0.00083
patch,10,0.00083
resemblance,10,0.00083
access,10,0.00083
paragraph,10,0.00083
eye,9,0.00074
hard,9,0.00074
naturally,9,0.00074
judging,9,0.00074
draw,9,0.00074
supposing,9,0.00074
existing,9,0.00074
apprehended,9,0.00074
remembered,9,0.00074
intrinsic,9,0.00074
left,9,0.00074
belongs,9,0.00074
public,9,0.00074
reflection,9,0.00074
characteristics,9,0.00074
logically,9,0.00074
dependent,9,0.00074
remains,9,0.00074
preceding,9,0.00074
incomplete,9,0.00074
phenomena,9,0.00074
meant,9,0.00074
apply,9,0.00074
process,9,0.00074
phrase,9,0.00074
constituents,9,0.00074
exceptions,9,0.00074
eBook,8,0.00066
criticism,8,0.00066
confusion,8,0.00066
daily,8,0.00066
sound,8,0.00066
distribution,8,0.00066
return,8,0.00066
speak,8,0.00066
hitherto,8,0.00066
incapable,8,0.00066
support,8,0.00066
tells,8,0.00066
dream,8,0.00066
people's,8,0.00066
bodies,8,0.00066
outer,8,0.00066
possibility,8,0.00066
perceived,8,0.00066
basis,8,0.00066
involves,8,0.00066
addition,8,0.00066
correspond,8,0.00066
happen,8,0.00066
scientific,8,0.00066
position,8,0.00066
speaking,8,0.00066
fresh,8,0.00066
direct,8,0.00066
medium,8,0.00066
favour,8,0.00066
essentially,8,0.00066
analysis,8,0.00066
source,8,0.00066
food,8,0.00066
sentence,8,0.00066
descriptions,8,0.00066
examine,8,0.00066
scope,8,0.00066
couples,8,0.00066
infinite,8,0.00066
entities,8,0.00066
image,8,0.00066
coherent,8,0.00066
provide,8,0.00066
including,8,0.00066
fee,8,0.00066
refund,8,0.00066
located,7,0.00058
main,7,0.00058
reasonable,7,0.00058
ultimate,7,0.00058
ordinary,7,0.00058
difficulties,7,0.00058
brown,7,0.00058
precise,7,0.00058
learn,7,0.00058
distinction,7,0.00058
blue,7,0.00058
sounds,7,0.00058
signs,7,0.00058
discovered,7,0.00058
hypotheses,7,0.00058
possibilities,7,0.00058
imagination,7,0.00058
strictly,7,0.00058
start,7,0.00058
method,7,0.00058
arrive,7,0.00058
permanent,7,0.00058
derive,7,0.00058
follow,7,0.00058
easy,7,0.00058
easily,7,0.00058
triangle,7,0.00058
validity,7,0.00058
essential,7,0.00058
straight,7,0.00058
necessity,7,0.00058
reach,7,0.00058
hand,7,0.00058
distinguish,7,0.00058
occur,7,0.00058
assert,7,0.00058
verbs,7,0.00058
candidate,7,0.00058
abstract,7,0.00058
fundamental,7,0.00058
dealing,7,0.00058
stand,7,0.00058
consideration,7,0.00058
asserts,7,0.00058
mathematics,7,0.00058
proceed,7,0.00058
essence,7,0.00058
extent,7,0.00058
degrees,7,0.00058
prejudices,7,0.00058
distributing,7,0.00058
copies,7,0.00058
eBooks,7,0.00058
confined,6,0.00050
enables,6,0.00050
wrong,6,0.00050
earth,6,0.00050
continue,6,0.00050
stated,6,0.00050
habit,6,0.00050
constantly,6,0.00050
hardness,6,0.00050
simple,6,0.00050
radically,6,0.00050
continues,6,0.00050
eyes,6,0.00050
finding,6,0.00050
familiar,6,0.00050
complete,6,0.00050
scarcely,6,0.00050
product,6,0.00050
matters,6,0.00050
modern,6,0.00050
performed,6,0.00050
care,6,0.00050
perceptions,6,0.00050
limited,6,0.00050
separate,6,0.00050
represented,6,0.00050
purely,6,0.00050
adopt,6,0.00050
reject,6,0.00050
wave-motion,6,0.00050
misleading,6,0.00050
circumstances,6,0.00050
dealt,6,0.00050
constituted,6,0.00050
time-order,6,0.00050
constitute,6,0.00050
illustration,6,0.00050
perfectly,6,0.00050
simply,6,0.00050
advocated,6,0.00050
business,6,0.00050
characteristic,6,0.00050
composed,6,0.00050
deal,6,0.00050
exclusively,6,0.00050
statements,6,0.00050
imagine,6,0.00050
animals,6,0.00050
stands,6,0.00050
entity,6,0.00050
reference,6,0.00050
involving,6,0.00050
chief,6,0.00050
narrow,6,0.00050
understood,6,0.00050
individual,6,0.00050
observed,6,0.00050
seek,6,0.00050
expect,6,0.00050
happened,6,0.00050
gravitation,6,0.00050
resemble,6,0.00050
futures,6,0.00050
premiss,6,0.00050
rationalists,6,0.00050
empiricists,6,0.00050
require,6,0.00050
generalizations,6,0.00050
special,6,0.00050
qualities,6,0.00050
prepositions,6,0.00050
relates,6,0.00050
integers,6,0.00050
rest,6,0.00050
guarantee,6,0.00050
coherence,6,0.00050
union,6,0.00050
late,6,0.00050
received,6,0.00050
philosophic,6,0.00050
permission,6,0.00050
charge,6,0.00050
comply,6,0.00050
paid,6,0.00050
tax,6,0.00050
sciences,5,0.00041
contradictions,5,0.00041
writing,5,0.00041
worth,5,0.00041
doubted,5,0.00041
requires,5,0.00041
attention,5,0.00041
reflect,5,0.00041
change,5,0.00041
practical,5,0.00041
avoid,5,0.00041
compelled,5,0.00041
sorts,5,0.00041
shapes,5,0.00041
nearer,5,0.00041
denied,5,0.00041
consciousness,5,0.00041
shut,5,0.00041
altogether,5,0.00041
infer,5,0.00041
fallacious,5,0.00041
views,5,0.00041
appeared,5,0.00041
doubting,5,0.00041
existed,5,0.00041
corresponds,5,0.00041
air,5,0.00041
absurd,5,0.00041
wishes,5,0.00041
testimony,5,0.00041
admitted,5,0.00041
hypothesis,5,0.00041
waking,5,0.00041
impossibility,5,0.00041
cat,5,0.00041
simultaneously,5,0.00041
identical,5,0.00041
character,5,0.00041
irrelevant,5,0.00041
critical,5,0.00041
ceases,5,0.00041
contact,5,0.00041
acquire,5,0.00041
caused,5,0.00041
waves,5,0.00041
manner,5,0.00041
road,5,0.00041
sooner,5,0.00041
geometry,5,0.00041
distances,5,0.00041
lightning,5,0.00041
holds,5,0.00041
discovering,5,0.00041
ultimately,5,0.00041
shades,5,0.00041
forms,5,0.00041
material,5,0.00041
strange,5,0.00041
argue,5,0.00041
calls,5,0.00041
ambiguous,5,0.00041
constitutes,5,0.00041
realize,5,0.00041
implied,5,0.00041
raises,5,0.00041
virtue,5,0.00041
chapters,5,0.00041
shade,5,0.00041
theoretically,5,0.00041
feeling,5,0.00041
desires,5,0.00041
iron,5,0.00041
mask,5,0.00041
proper,5,0.00041
constant,5,0.00041
read,5,0.00041
objections,5,0.00041
inferences,5,0.00041
day,5,0.00041
freely,5,0.00041
raised,5,0.00041
fulfilled,5,0.00041
driven,5,0.00041
enable,5,0.00041
sufficient,5,0.00041
approach,5,0.00041
datum,5,0.00041
class,5,0.00041
examined,5,0.00041
apt,5,0.00041
granted,5,0.00041
indubitable,5,0.00041
deduce,5,0.00041
partly,5,0.00041
maintained,5,0.00041
triangles,5,0.00041
share,5,0.00041
generalization,5,0.00041
deduction,5,0.00041
occupy,5,0.00041
substantives,5,0.00041
judges,5,0.00041
adjectives,5,0.00041
north,5,0.00041
claim,5,0.00041
green,5,0.00041
trustworthiness,5,0.00041
gradation,5,0.00041
discover,5,0.00041
loving,5,0.00041
conception,5,0.00041
days,5,0.00041
evil,5,0.00041
providing,5,0.00041
intellect,5,0.00041
greatness,5,0.00041
protected,5,0.00041
distribute,5,0.00041
license,5,0.00041
online,4,0.00033
www.gutenberg.org,4,0.00033
check,4,0.00033
country,4,0.00033
positive,4,0.00033
metaphysics,4,0.00033
valuable,4,0.00033
search,4,0.00033
sitting,4,0.00033
print,4,0.00033
head,4,0.00033
normal,4,0.00033
discussion,4,0.00033
hearing,4,0.00033
conditions,4,0.00033
microscope,4,0.00033
reveal,4,0.00033
elicited,4,0.00033
arises,4,0.00033
brought,4,0.00033
prominently,4,0.00033
employed,4,0.00033
advance,4,0.00033
agreed,4,0.00033
occurrence,4,0.00033
sign,4,0.00033
accepting,4,0.00033
slightest,4,0.00033
psychological,4,0.00033
gradually,4,0.00033
students,4,0.00033
to-day,4,0.00033
yesterday,4,0.00033
ceased,4,0.00033
plainly,4,0.00033
neutral,4,0.00033
occurs,4,0.00033
died,4,0.00033
appeal,4,0.00033
assumed,4,0.00033
supposition,4,0.00033
action,4,0.00033
positions,4,0.00033
mistaken,4,0.00033
suggested,4,0.00033
accounted,4,0.00033
taste,4,0.00033
rejecting,4,0.00033
slight,4,0.00033
strong,4,0.00033
rejected,4,0.00033
falsely,4,0.00033
spoken,4,0.00033
noise,4,0.00033
cease,4,0.00033
respect,4,0.00033
wave-motions,4,0.00033
circular,4,0.00033
intrinsically,4,0.00033
notice,4,0.00033
relative,4,0.00033
born,4,0.00033
events,4,0.00033
minutes,4,0.00033
direction,4,0.00033
doctrine,4,0.00033
survey,4,0.00033
idealism,4,0.00033
objection,4,0.00033
establish,4,0.00033
consist,4,0.00033
purpose,4,0.00033
concern,4,0.00033
undoubtedly,4,0.00033
acts,4,0.00033
rests,4,0.00033
truism,4,0.00033
stage,4,0.00033
heard,4,0.00033
discussing,4,0.00033
constituency,4,0.00033
express,4,0.00033
constituent,4,0.00033
vague,4,0.00033
sake,4,0.00033
astute,4,0.00033
diplomatist,4,0.00033
correct,4,0.00033
removed,4,0.00033
limits,4,0.00033
earlier,4,0.00033
justified,4,0.00033
suffice,4,0.00033
operation,4,0.00033
expecting,4,0.00033
crude,4,0.00033
uniformity,4,0.00033
liable,4,0.00033
chicken,4,0.00033
fall,4,0.00033
rule,4,0.00033
failure,4,0.00033
swans,4,0.00033
innumerable,4,0.00033
firmly,4,0.00033
trivial,4,0.00033
reading,4,0.00033
ethical,4,0.00033
examination,4,0.00033
living,4,0.00033
age,4,0.00033
forced,4,0.00033
worlds,4,0.00033
mathematical,4,0.00033
inquiry,4,0.00033
metaphysical,4,0.00033
self-contradictory,4,0.00033
scepticism,4,0.00033
distinguished,4,0.00033
named,4,0.00033
denotes,4,0.00033
attempts,4,0.00033
justice,4,0.00033
demand,4,0.00033
pairs,4,0.00033
prefer,4,0.00033
effort,4,0.00033
abstraction,4,0.00033
highly,4,0.00033
rose,4,0.00033
produce,4,0.00033
accepted,4,0.00033
subsist,4,0.00033
created,4,0.00033
achieved,4,0.00033
validly,4,0.00033
sought,4,0.00033
widest,4,0.00033
escape,4,0.00033
limitation,4,0.00033
circle,4,0.00033
freedom,4,0.00033
personal,4,0.00033
enlargement,4,0.00033
not-Self,4,0.00033
editions,4,0.00033
copying,4,0.00033
displaying,4,0.00033
compliance,4,0.00033
format,4,0.00033
status,4,0.00033
distributed,4,0.00033
posted,4,0.00033
holder,4,0.00033
fees,4,0.00033
requirements,4,0.00033
volunteers,4,0.00033
cost,3,0.00025
assistance,3,0.00025
scrutiny,3,0.00025
books,3,0.00025
arm,3,0.00025
reflected,3,0.00025
painter,3,0.00025
answering,3,0.00025
dark,3,0.00025
spectator,3,0.00025
usual,3,0.00025
naked,3,0.00025
confidence,3,0.00025
rectangular,3,0.00025
angles,3,0.00025
press,3,0.00025
smoothness,3,0.00025
denial,3,0.00025
absurdity,3,0.00025
persists,3,0.00025
unknowable,3,0.00025
advanced,3,0.00025
explaining,3,0.00025
surprising,3,0.00025
absolutely,3,0.00025
determined,3,0.00025
bring,3,0.00025
demon,3,0.00025
improbable,3,0.00025
sum,3,0.00025
subjective,3,0.00025
cloth,3,0.00025
secure,3,0.00025
complicated,3,0.00025
battle,3,0.00025
create,3,0.00025
hunger,3,0.00025
patches,3,0.00025
perceiving,3,0.00025
instinctively,3,0.00025
lead,3,0.00025
finally,3,0.00025
harmonious,3,0.00025
element,3,0.00025
sole,3,0.00025
perform,3,0.00025
wrongly,3,0.00025
justify,3,0.00025
replace,3,0.00025
hypothetical,3,0.00025
travel,3,0.00025
absent,3,0.00025
touching,3,0.00025
concerns,3,0.00025
occupied,3,0.00025
determine,3,0.00025
house,3,0.00025
spatial,3,0.00025
arrangement,3,0.00025
distance,3,0.00025
preserve,3,0.00025
distinguishing,3,0.00025
thunder,3,0.00025
disturbance,3,0.00025
afford,3,0.00025
unknown,3,0.00025
reaches,3,0.00025
justification,3,0.00025
explained,3,0.00025
speculation,3,0.00025
contents,3,0.00025
leaves,3,0.00025
offers,3,0.00025
partial,3,0.00025
history,3,0.00025
told,3,0.00025
notion,3,0.00025
rendered,3,0.00025
useless,3,0.00025
distinct,3,0.00025
apprehension,3,0.00025
apprehend,3,0.00025
bound,3,0.00025
unduly,3,0.00025
considerable,3,0.00025
preliminary,3,0.00025
convictions,3,0.00025
demands,3,0.00025
subjects,3,0.00025
simpler,3,0.00025
conscious,3,0.00025
supply,3,0.00025
extension,3,0.00025
remember,3,0.00025
unable,3,0.00025
votes,3,0.00025
names,3,0.00025
asserting,3,0.00025
urged,3,0.00025
meet,3,0.00025
entertain,3,0.00025
mysterious,3,0.00025
sunrise,3,0.00025
coexistence,3,0.00025
fails,3,0.00025
neck,3,0.00025
uniformities,3,0.00025
assumes,3,0.00025
rules,3,0.00025
event,3,0.00025
successful,3,0.00025
assuming,3,0.00025
theories,3,0.00025
practically,3,0.00025
reign,3,0.00025
observation,3,0.00025
fit,3,0.00025
examining,3,0.00025
limit,3,0.00025
increased,3,0.00025
disproved,3,0.00025
accept,3,0.00025
concrete,3,0.00025
applications,3,0.00025
pair,3,0.00025
decide,3,0.00025
presupposes,3,0.00025
connexions,3,0.00025
exemplified,3,0.00025
conform,3,0.00025
dying,3,0.00025
utility,3,0.00025
bald,3,0.00025
analytic,3,0.00025
predicate,3,0.00025
solution,3,0.00025
comparison,3,0.00025
arithmetical,3,0.00025
assertion,3,0.00025
e.g,3,0.00025
produces,3,0.00025
earwig,3,0.00025
belong,3,0.00025
succeed,3,0.00025
dwell,3,0.00025
choose,3,0.00025
deductions,3,0.00025
decided,3,0.00025
met,3,0.00025
ambiguity,3,0.00025
strict,3,0.00025
mathematician,3,0.00025
learning,3,0.00025
chime,3,0.00025
sources,3,0.00025
endeavour,3,0.00025
deals,3,0.00025
untrue,3,0.00025
formed,3,0.00025
infinitely,3,0.00025
perpendiculars,3,0.00025
multiplied,3,0.00025
finite,3,0.00025
discoverable,3,0.00025
wide,3,0.00025
breakfast,3,0.00025
perfect,3,0.00025
produced,3,0.00025
infallible,3,0.00025
opinions,3,0.00025
requisites,3,0.00025
remaining,3,0.00025
united,3,0.00025
consisting,3,0.00025
cement,3,0.00025
newspaper,3,0.00025
defect,3,0.00025
letters,3,0.00025
printed,3,0.00025
obtaining,3,0.00025
axioms,3,0.00025
fragmentary,3,0.00025
incompleteness,3,0.00025
antithesis,3,0.00025
spiritual,3,0.00025
thing's,3,0.00025
hopes,3,0.00025
collections,3,0.00025
mathematicians,3,0.00025
measure,3,0.00025
risk,3,0.00025
aims,3,0.00025
uncertainty,3,0.00025
include,3,0.00025
enlarge,3,0.00025
contemplates,3,0.00025
impartiality,3,0.00025
intellectual,3,0.00025
paying,3,0.00025
royalties,3,0.00025
complying,3,0.00025
mission,3,0.00025
performing,3,0.00025
creating,3,0.00025
links,3,0.00025
paragraphs,3,0.00025
official,3,0.00025
user,3,0.00025
owner,3,0.00025
donate,3,0.00025
payments,3,0.00025
money,3,0.00025
replacement,3,0.00025
efforts,3,0.00025
defective,3,0.00025
equipment,3,0.00025
written,3,0.00025
ebook,2,0.00017
restrictions,2,0.00017
whatsoever,2,0.00017
re-use,2,0.00017
negative,2,0.00017
occupies,2,0.00017
discussed,2,0.00017
writings,2,0.00017
greatly,2,0.00017
confident,2,0.00017
dogmatically,2,0.00017
critically,2,0.00017
realizing,2,0.00017
chair,2,0.00017
paper,2,0.00017
earth's,2,0.00017
rotation,2,0.00017
rises,2,0.00017
morning,2,0.00017
indefinite,2,0.00017
chairs,2,0.00017
tables,2,0.00017
stating,2,0.00017
doubts,2,0.00017
oblong,2,0.00017
smooth,2,0.00017
feels,2,0.00017
hears,2,0.00017
purposes,2,0.00017
differences,2,0.00017
distinctions,2,0.00017
stronger,2,0.00017
roughnesses,2,0.00017
imperceptible,2,0.00017
powerful,2,0.00017
trust,2,0.00017
parallel,2,0.00017
noticed,2,0.00017
changing,2,0.00017
resists,2,0.00017
awareness,2,0.00017
associate,2,0.00017
re-stated,2,0.00017
retains,2,0.00017
merit,2,0.00017
chiefly,2,0.00017
non-mental,2,0.00017
entertained,2,0.00017
admits,2,0.00017
inconceivable,2,0.00017
rudimentary,2,0.00017
souls,2,0.00017
mortals,2,0.00017
differing,2,0.00017
suitable,2,0.00017
vitally,2,0.00017
modest,2,0.00017
charges,2,0.00017
suggests,2,0.00017
surface,2,0.00017
commonest,2,0.00017
calling,2,0.00017
founder,2,0.00017
systematic,2,0.00017
applying,2,0.00017
convinced,2,0.00017
imagined,2,0.00017
unreal,2,0.00017
laid,2,0.00017
ruins,2,0.00017
hallucinations,2,0.00017
ghost,2,0.00017
exceptional,2,0.00017
pursuit,2,0.00017
unhesitatingly,2,0.00017
bought,2,0.00017
preposterous,2,0.00017
underlying,2,0.00017
expectation,2,0.00017
considerations,2,0.00017
issue,2,0.00017
tend,2,0.00017
door,2,0.00017
naval,2,0.00017
viewed,2,0.00017
common-sense,2,0.00017
simplicity,2,0.00017
passing,2,0.00017
series,2,0.00017
intermediate,2,0.00017
suddenly,2,0.00017
hungry,2,0.00017
meal,2,0.00017
expression,2,0.00017
utterly,2,0.00017
motions,2,0.00017
external,2,0.00017
ready,2,0.00017
discovery,2,0.00017
smell,2,0.00017
built,2,0.00017
hierarchy,2,0.00017
isolated,2,0.00017
additions,2,0.00017
harmonize,2,0.00017
worthy,2,0.00017
abandon,2,0.00017
organization,2,0.00017
likelihood,2,0.00017
preceded,2,0.00017
function,2,0.00017
rightly,2,0.00017
suffices,2,0.00017
labours,2,0.00017
rational,2,0.00017
remove,2,0.00017
rap,2,0.00017
knuckles,2,0.00017
unconsciously,2,0.00017
reduced,2,0.00017
heat,2,0.00017
convey,2,0.00017
nerves,2,0.00017
brain,2,0.00017
percipient,2,0.00017
investigation,2,0.00017
sense-organs,2,0.00017
close,2,0.00017
bear,2,0.00017
reached,2,0.00017
map,2,0.00017
houses,2,0.00017
astronomy,2,0.00017
moon,2,0.00017
visual,2,0.00017
duration,2,0.00017
notoriously,2,0.00017
pain,2,0.00017
regiment,2,0.00017
arranged,2,0.00017
guard,2,0.00017
simultaneous,2,0.00017
travelled,2,0.00017
takes,2,0.00017
affords,2,0.00017
presume,2,0.00017
similarity,2,0.00017
familiarity,2,0.00017
closely,2,0.00017
luck,2,0.00017
refuted,2,0.00017
modified,2,0.00017
intervening,2,0.00017
alter,2,0.00017
ray,2,0.00017
enabling,2,0.00017
idealists,2,0.00017
inclined,2,0.00017
dismissed,2,0.00017
attained,2,0.00017
satisfy,2,0.00017
remembering,2,0.00017
imagining,2,0.00017
participation,2,0.00017
bearing,2,0.00017
imply,2,0.00017
gross,2,0.00017
committed,2,0.00017
attendant,2,0.00017
disentangle,2,0.00017
seeks,2,0.00017
apprehending,2,0.00017
assent,2,0.00017
acquiring,2,0.00017
mind's,2,0.00017
uttering,2,0.00017
tautology,2,0.00017
substance,2,0.00017
relevant,2,0.00017
requiring,2,0.00017
suspect,2,0.00017
conversely,2,0.00017
rash,2,0.00017
such-and-such,2,0.00017
foundation,2,0.00017
adequate,2,0.00017
pleasure,2,0.00017
self-consciousness,2,0.00017
bare,2,0.00017
represents,2,0.00017
introspection,2,0.00017
singular,2,0.00017
candidates,2,0.00017
expressed,2,0.00017
vary,2,0.00017
standing,2,0.00017
friend's,2,0.00017
mass,2,0.00017
historical,2,0.00017
identify,2,0.00017
recall,2,0.00017
concepts,2,0.00017
affirm,2,0.00017
employ,2,0.00017
deducible,2,0.00017
region,2,0.00017
attach,2,0.00017
utter,2,0.00017
vital,2,0.00017
discussions,2,0.00017
supplies,2,0.00017
sphere,2,0.00017
ascertain,2,0.00017
actions,2,0.00017
risen,2,0.00017
firm,2,0.00017
challenged,2,0.00017
interfere,2,0.00017
bread,2,0.00017
eat,2,0.00017
poison,2,0.00017
control,2,0.00017
lives,2,0.00017
frequent,2,0.00017
uniform,2,0.00017
succession,2,0.00017
occasion,2,0.00017
language,2,0.00017
horse,2,0.00017
wrung,2,0.00017
balloons,2,0.00017
aeroplanes,2,0.00017
conceded,2,0.00017
brings,2,0.00017
answered,2,0.00017
occurring,2,0.00017
repetitions,2,0.00017
unexamined,2,0.00017
black,2,0.00017
render,2,0.00017
proving,2,0.00017
fail,2,0.00017
fulfil,2,0.00017
confirm,2,0.00017
nourishing,2,0.00017
enemy,2,0.00017
associations,2,0.00017
mankind,2,0.00017
drawing,2,0.00017
overlooked,2,0.00017
assumption,2,0.00017
particularity,2,0.00017
affirmed,2,0.00017
teaching,2,0.00017
implies,2,0.00017
demonstrations,2,0.00017
appealing,2,0.00017
singled,2,0.00017
tradition,2,0.00017
excluded,2,0.00017
controversies,2,0.00017
controversy,2,0.00017
schools,2,0.00017
opposing,2,0.00017
bad,2,0.00017
ethics,2,0.00017
established,2,0.00017
strenuously,2,0.00017
repeated,2,0.00017
clearer,2,0.00017
organism,2,0.00017
content,2,0.00017
carefully,2,0.00017
persuade,2,0.00017
race,2,0.00017
contained,2,0.00017
stock,2,0.00017
illustrates,2,0.00017
distinctive,2,0.00017
credit,2,0.00017
examples,2,0.00017
figure,2,0.00017
poet,2,0.00017
asserted,2,0.00017
analysing,2,0.00017
attempted,2,0.00017
notably,2,0.00017
synthetic,2,0.00017
endeavoured,2,0.00017
inadequate,2,0.00017
outline,2,0.00017
interaction,2,0.00017
shares,2,0.00017
considers,2,0.00017
causality,2,0.00017
occurred,2,0.00017
universality,2,0.00017
anxious,2,0.00017
inconsistent,2,0.00017
imposed,2,0.00017
doctrines,2,0.00017
constitution,2,0.00017
properly,2,0.00017
develop,2,0.00017
partake,2,0.00017
participate,2,0.00017
fleeting,2,0.00017
unchangeable,2,0.00017
pale,2,0.00017
acquired,2,0.00017
opposition,2,0.00017
shared,2,0.00017
broadly,2,0.00017
context,2,0.00017
realizes,2,0.00017
recognized,2,0.00017
neglect,2,0.00017
expressing,2,0.00017
philosophies,2,0.00017
invent,2,0.00017
admission,2,0.00017
failed,2,0.00017
refutation,2,0.00017
touched,2,0.00017
subsists,2,0.00017
systems,2,0.00017
boundaries,2,0.00017
plan,2,0.00017
metaphysician,2,0.00017
bells,2,0.00017
satisfactory,2,0.00017
twos,2,0.00017
unnecessary,2,0.00017
couple,2,0.00017
genuine,2,0.00017
govern,2,0.00017
wider,2,0.00017
mark,2,0.00017
unreasonable,2,0.00017
consciously,2,0.00017
leads,2,0.00017
demonstration,2,0.00017
differs,2,0.00017
trustworthy,2,0.00017
proportion,2,0.00017
vividness,2,0.00017
minute,2,0.00017
vivid,2,0.00017
indifferent,2,0.00017
continual,2,0.00017
reaching,2,0.00017
diminishing,2,0.00017
combined,2,0.00017
dualism,2,0.00017
condition,2,0.00017
falsehoods,2,0.00017
prevents,2,0.00017
incoherent,2,0.00017
subjected,2,0.00017
define,2,0.00017
easier,2,0.00017
severally,2,0.00017
knitting,2,0.00017
aspect,2,0.00017
ensures,2,0.00017
absence,2,0.00017
announces,2,0.00017
conclusions,2,0.00017
grown,2,0.00017
death,2,0.00017
dead,2,0.00017
accustomed,2,0.00017
reader,2,0.00017
renders,2,0.00017
hour,2,0.00017
setting,2,0.00017
judged,2,0.00017
privacy,2,0.00017
shining,2,0.00017
listen,2,0.00017
errors,2,0.00017
individually,2,0.00017
night,2,0.00017
increases,2,0.00017
unreality,2,0.00017
proofs,2,0.00017
commentators,2,0.00017
interpretation,2,0.00017
hooks,2,0.00017
synthesis,2,0.00017
original,2,0.00017
piecemeal,2,0.00017
characters,2,0.00017
metaphysicians,2,0.00017
tendency,2,0.00017
divisible,2,0.00017
halved,2,0.00017
moments,2,0.00017
wisdom,2,0.00017
calmly,2,0.00017
studied,2,0.00017
recommended,2,0.00017
student,2,0.00017
indirectly,2,0.00017
effects,2,0.00017
growth,2,0.00017
alive,2,0.00017
ascertainable,2,0.00017
religious,2,0.00017
methods,2,0.00017
unfamiliar,2,0.00017
strife,2,0.00017
insistence,2,0.00017
prison,2,0.00017
hostile,2,0.00017
unalloyed,2,0.00017
self-assertion,2,0.00017
infinity,2,0.00017
widespread,2,0.00017
fears,2,0.00017
exclusive,2,0.00017
emotion,2,0.00017
owns,2,0.00017
protect,2,0.00017
concept,2,0.00017
registered,2,0.00017
promoting,2,0.00017
destroy,2,0.00017
domain,2,0.00017
references,2,0.00017
keeping,2,0.00017
active,2,0.00017
copied,2,0.00017
additional,2,0.00017
marked,2,0.00017
prepare,2,0.00017
receipt,2,0.00017
liability,2,0.00017
damages,2,0.00017
costs,2,0.00017
expenses,2,0.00017
legal,2,0.00017
receive,2,0.00017
explanation,2,0.00017
lieu,2,0.00017
electronically,2,0.00017
disclaimer,2,0.00017
permitted,2,0.00017
computers,2,0.00017
generations,2,0.00017
exempt,2,0.00017
federal,2,0.00017
solicit,2,0.00017
visit,2,0.00017
www.gutenberg.org/donate,2,0.00017
updated,1,0.00008
constructive,1,0.00008
larger,1,0.00008
volume,1,0.00008
topics,1,0.00008
treated,1,0.00008
unpublished,1,0.00008
profited,1,0.00008
criticisms,1,0.00008
suggestions,1,0.00008
realized,1,0.00008
obstacles,1,0.00008
straightforward,1,0.00008
launched,1,0.00008
philosophy--for,1,0.00008
carelessly,1,0.00008
exploring,1,0.00008
puzzling,1,0.00008
vagueness,1,0.00008
underlie,1,0.00008
closer,1,0.00008
sheets,1,0.00008
window,1,0.00008
buildings,1,0.00008
clouds,1,0.00008
ninety-three,1,0.00008
miles,1,0.00008
hot,1,0.00008
globe,1,0.00008
bigger,1,0.00008
papers,1,0.00008
pressing,1,0.00008
careful,1,0.00008
concentrate,1,0.00008
shiny,1,0.00008
cool,1,0.00008
tap,1,0.00008
wooden,1,0.00008
troubles,1,0.00008
brighter,1,0.00008
unimportant,1,0.00008
all-important,1,0.00008
unlearn,1,0.00008
trouble,1,0.00008
philosophy--the,1,0.00008
philosopher's,1,0.00008
troubled,1,0.00008
pre-eminently,1,0.00008
table--it,1,0.00008
artificial,1,0.00008
colour-blind,1,0.00008
wearing,1,0.00008
spectacles,1,0.00008
unchanged,1,0.00008
inherent,1,0.00008
depending,1,0.00008
falls,1,0.00008
favouritism,1,0.00008
texture,1,0.00008
grain,1,0.00008
looked,1,0.00008
hills,1,0.00008
valleys,1,0.00008
tempted,1,0.00008
changed,1,0.00008
deserts,1,0.00008
unreflectingly,1,0.00008
acute,1,0.00008
obtuse,1,0.00008
converged,1,0.00008
equal,1,0.00008
taught,1,0.00008
construct,1,0.00008
pressure,1,0.00008
pressures,1,0.00008
rapping,1,0.00008
smells,1,0.00008
hardnesses,1,0.00008
sense-data--brown,1,0.00008
etc.--which,1,0.00008
undertake,1,0.00008
match,1,0.00008
mercilessly,1,0.00008
drives,1,0.00008
paradoxes,1,0.00008
confused,1,0.00008
quibbling,1,0.00008
occupying,1,0.00008
denies,1,0.00008
permanence,1,0.00008
independence,1,0.00008
being--as,1,0.00008
be--something,1,0.00008
mind--not,1,0.00008
collective,1,0.00008
real--or,1,0.00008
shortly,1,0.00008
crudely,1,0.00008
majority,1,0.00008
colony,1,0.00008
affirmative,1,0.00008
diverge,1,0.00008
sense-data--colour,1,0.00008
etc.--may,1,0.00008
causing,1,0.00008
agreed--the,1,0.00008
be--is,1,0.00008
bewildering,1,0.00008
strangest,1,0.00008
roused,1,0.00008
liberty,1,0.00008
conjecture,1,0.00008
community,1,0.00008
sober,1,0.00008
wonderful,1,0.00008
vast,1,0.00008
electric,1,0.00008
violent,1,0.00008
increase,1,0.00008
strangeness,1,0.00008
lying,1,0.00008
dream-table,1,0.00008
prolonged,1,0.00008
observing,1,0.00008
desert--it,1,0.00008
uncomfortable,1,0.00008
embark,1,0.00008
fixed,1,0.00008
invented,1,0.00008
profit--the,1,0.00008
distinctly,1,0.00008
deceitful,1,0.00008
perpetual,1,0.00008
phantasmagoria,1,0.00008
deceive,1,0.00008
ergo,1,0.00008
build,1,0.00008
inventing,1,0.00008
service,1,0.00008
convincing,1,0.00008
momentary,1,0.00008
primitive,1,0.00008
solid,1,0.00008
enumerated,1,0.00008
else--something,1,0.00008
sold,1,0.00008
pushed,1,0.00008
hides,1,0.00008
suspended,1,0.00008
resting,1,0.00008
miracle,1,0.00008
frightened,1,0.00008
absurdities,1,0.00008
dinner-table,1,0.00008
maintain,1,0.00008
tablecloth,1,0.00008
knives,1,0.00008
forks,1,0.00008
spoons,1,0.00008
glasses,1,0.00008
variations,1,0.00008
perspective,1,0.00008
occupant,1,0.00008
underlies,1,0.00008
beg,1,0.00008
voices,1,0.00008
fancy,1,0.00008
delusion,1,0.00008
corresponded,1,0.00008
banging,1,0.00008
engagement,1,0.00008
accounting,1,0.00008
moved,1,0.00008
sprang,1,0.00008
odd,1,0.00008
appetite,1,0.00008
grow,1,0.00008
non-existence,1,0.00008
fast,1,0.00008
behaviour,1,0.00008
represent,1,0.00008
inexplicable,1,0.00008
movements,1,0.00008
playing,1,0.00008
football,1,0.00008
compared,1,0.00008
speak--that,1,0.00008
noises,1,0.00008
lips,1,0.00008
expressions,1,0.00008
face--it,1,0.00008
emitted,1,0.00008
urges,1,0.00008
originally,1,0.00008
however--which,1,0.00008
paradoxical,1,0.00008
touch--leaves,1,0.00008
undiminished,1,0.00008
simplify,1,0.00008
systematize,1,0.00008
admit--though,1,0.00008
dreams--that,1,0.00008
continuing,1,0.00008
doubtless,1,0.00008
typical,1,0.00008
entangled,1,0.00008
clash,1,0.00008
clashes,1,0.00008
acceptance,1,0.00008
organizing,1,0.00008
consequences,1,0.00008
modify,1,0.00008
orderly,1,0.00008
diminished,1,0.00008
interrelation,1,0.00008
acquiescence,1,0.00008
this--that,1,0.00008
attainable,1,0.00008
begun,1,0.00008
adequacy,1,0.00008
arduous,1,0.00008
demonstrative,1,0.00008
sense-data--for,1,0.00008
table--are,1,0.00008
appearances,1,0.00008
continuously,1,0.00008
reappear,1,0.00008
deserving,1,0.00008
drifted,1,0.00008
emitting,1,0.00008
aether,1,0.00008
assigns,1,0.00008
assist,1,0.00008
different--something,1,0.00008
sea,1,0.00008
voyage,1,0.00008
remarks,1,0.00008
infancy,1,0.00008
coin,1,0.00008
oval,1,0.00008
anybody's,1,0.00008
provisionally,1,0.00008
opaque,1,0.00008
touches,1,0.00008
tongue,1,0.00008
situated,1,0.00008
vaguer,1,0.00008
all-embracing,1,0.00008
walk,1,0.00008
ordnance,1,0.00008
physics,1,0.00008
eclipse,1,0.00008
lapse,1,0.00008
unsafe,1,0.00008
guide,1,0.00008
elapsed,1,0.00008
clock,1,0.00008
bored,1,0.00008
suffering,1,0.00008
slowly,1,0.00008
agreeably,1,0.00008
sleeping,1,0.00008
marching,1,0.00008
preservation,1,0.00008
misunderstanding,1,0.00008
sun's,1,0.00008
counterparts,1,0.00008
knowable,1,0.00008
defensible,1,0.00008
groundless,1,0.00008
light-waves,1,0.00008
strike,1,0.00008
alters,1,0.00008
gratuitous,1,0.00008
contended,1,0.00008
reasons--in,1,0.00008
fallacious--which,1,0.00008
briefest,1,0.00008
unaccustomed,1,0.00008
dismiss,1,0.00008
activity,1,0.00008
catalogue,1,0.00008
catalogued,1,0.00008
legitimately,1,0.00008
strikes,1,0.00008
unattainable,1,0.00008
smelling,1,0.00008
tasting,1,0.00008
contention,1,0.00008
assure,1,0.00008
concluded,1,0.00008
voice,1,0.00008
term,1,0.00008
proceeds,1,0.00008
argues,1,0.00008
schoolmen,1,0.00008
continued,1,0.00008
fallacies,1,0.00008
engendered,1,0.00008
somebody's,1,0.00008
arrange,1,0.00008
clean,1,0.00008
arguing,1,0.00008
competent,1,0.00008
deeply,1,0.00008
treating,1,0.00008
dependence,1,0.00008
aware--say,1,0.00008
table--and,1,0.00008
organs,1,0.00008
object--in,1,0.00008
plausibility,1,0.00008
confusing,1,0.00008
forgetting,1,0.00008
transfer,1,0.00008
unconscious,1,0.00008
equivocation,1,0.00008
fallacy,1,0.00008
faculty,1,0.00008
limiting,1,0.00008
apprehended--must,1,0.00008
obscure,1,0.00008
chimaera,1,0.00008
persons,1,0.00008
desirous,1,0.00008
satisfying,1,0.00008
thwarting,1,0.00008
roughly,1,0.00008
palpable,1,0.00008
honour,1,0.00008
retort,1,0.00008
elucidation,1,0.00008
intermediary,1,0.00008
presence,1,0.00008
table--its,1,0.00008
it--I,1,0.00008
describes,1,0.00008
connecting,1,0.00008
striking,1,0.00008
restricted,1,0.00008
past--not,1,0.00008
past--nor,1,0.00008
tolerably,1,0.00008
desiring,1,0.00008
positively,1,0.00008
representing,1,0.00008
adduced,1,0.00008
wise,1,0.00008
sense--thoughts,1,0.00008
existent,1,0.00008
sequel,1,0.00008
elected,1,0.00008
descriptive,1,0.00008
correctly,1,0.00008
explicitly,1,0.00008
illustrations,1,0.00008
oneself,1,0.00008
designate,1,0.00008
chance,1,0.00008
accidental,1,0.00008
knowledge--far,1,0.00008
meanings,1,0.00008
travels,1,0.00008
mention,1,0.00008
dates,1,0.00008
long-lived,1,0.00008
assured,1,0.00008
acquainted--usually,1,0.00008
places--London,1,0.00008
defeated,1,0.00008
describing,1,0.00008
communicate,1,0.00008
varying,1,0.00008
stages,1,0.00008
removal,1,0.00008
longest-lived,1,0.00008
progressively,1,0.00008
wore,1,0.00008
fourth,1,0.00008
reducible,1,0.00008
conceivable,1,0.00008
assassinated,1,0.00008
range,1,0.00008
data--if,1,0.00008
drawn,1,0.00008
extend,1,0.00008
exceedingly,1,0.00008
effected,1,0.00008
outcome,1,0.00008
heretofore,1,0.00008
rotating,1,0.00008
rotate,1,0.00008
interferes,1,0.00008
operated,1,0.00008
fulfilment,1,0.00008
countless,1,0.00008
hopeless,1,0.00008
confusions,1,0.00008
repetition,1,0.00008
severe,1,0.00008
shock,1,0.00008
unusual,1,0.00008
tactile,1,0.00008
horrors,1,0.00008
ghost-stories,1,0.00008
surprised,1,0.00008
incredulous,1,0.00008
native,1,0.00008
drive,1,0.00008
feeds,1,0.00008
fed,1,0.00008
wrings,1,0.00008
refined,1,0.00008
misleadingness,1,0.00008
instincts,1,0.00008
unexpectedly,1,0.00008
weight,1,0.00008
discuss,1,0.00008
disappoint,1,0.00008
habitually,1,0.00008
replaced,1,0.00008
falsified,1,0.00008
destroyed,1,0.00008
infringed,1,0.00008
extends,1,0.00008
remarkably,1,0.00008
argued,1,0.00008
begs,1,0.00008
starts,1,0.00008
experience--as,1,0.00008
geology,1,0.00008
origin,1,0.00008
demonstratively,1,0.00008
oftener,1,0.00008
advocating,1,0.00008
practice,1,0.00008
dissociated,1,0.00008
verification,1,0.00008
repeat,1,0.00008
gravely,1,0.00008
variable,1,0.00008
species,1,0.00008
peculiarly,1,0.00008
estimated,1,0.00008
conceivably,1,0.00008
unexperienced,1,0.00008
begging,1,0.00008
forgo,1,0.00008
unsound,1,0.00008
stone,1,0.00008
throw,1,0.00008
roof,1,0.00008
friend,1,0.00008
approaching,1,0.00008
inhabited,1,0.00008
worst,1,0.00008
total,1,0.00008
stranger,1,0.00008
conduct,1,0.00008
confute,1,0.00008
rooted,1,0.00008
beliefs--for,1,0.00008
example--raises,1,0.00008
debated,1,0.00008
obviousness--the,1,0.00008
assented,1,0.00008
application,1,0.00008
generality,1,0.00008
learnt,1,0.00008
month,1,0.00008
dined,1,0.00008
diary,1,0.00008
involved--at,1,0.00008
involved--in,1,0.00008
obviousness,1,0.00008
identity,1,0.00008
middle,1,0.00008
samples,1,0.00008
behave,1,0.00008
principles--perhaps,1,0.00008
historic,1,0.00008
empiricists--who,1,0.00008
rationalists--who,1,0.00008
seventeenth,1,0.00008
century,1,0.00008
exemplify,1,0.00008
innate,1,0.00008
babies,1,0.00008
objectionable,1,0.00008
writers,1,0.00008
admitting,1,0.00008
directs,1,0.00008
repeatedly,1,0.00008
non-logical,1,0.00008
virtuous,1,0.00008
desirability,1,0.00008
secures,1,0.00008
happiness,1,0.00008
desirable,1,0.00008
misery,1,0.00008
ignorance,1,0.00008
goodwill,1,0.00008
hatred,1,0.00008
deducing,1,0.00008
geography,1,0.00008
persuading,1,0.00008
abstractly,1,0.00008
coins,1,0.00008
divest,1,0.00008
growing,1,0.00008
attested,1,0.00008
genuinely-empirical,1,0.00008
physiological,1,0.00008
wear,1,0.00008
men's,1,0.00008
mortality,1,0.00008
invites,1,0.00008
die,1,0.00008
acquiesce,1,0.00008
level,1,0.00008
upset,1,0.00008
fabric,1,0.00008
reduce,1,0.00008
inferring,1,0.00008
debate,1,0.00008
newness,1,0.00008
foolish,1,0.00008
roundabout,1,0.00008
mode,1,0.00008
preferable,1,0.00008
warrants,1,0.00008
uncertain,1,0.00008
historically,1,0.00008
lived,1,0.00008
interrupted,1,0.00008
contribution,1,0.00008
inquired,1,0.00008
deserves,1,0.00008
illustrated,1,0.00008
plane,1,0.00008
enunciated,1,0.00008
orator,1,0.00008
preparing,1,0.00008
sophistry,1,0.00008
baldness,1,0.00008
contradict,1,0.00008
sufficed,1,0.00008
argued--correctly,1,0.00008
admitted--that,1,0.00008
educated,1,0.00008
rationalist,1,0.00008
perturbed,1,0.00008
adding,1,0.00008
sceptical,1,0.00008
gain,1,0.00008
enumeration,1,0.00008
inhabitants,1,0.00008
anticipating,1,0.00008
merest,1,0.00008
exponents,1,0.00008
elements,1,0.00008
apportions,1,0.00008
sensation--the,1,0.00008
etc.--is,1,0.00008
phenomenon,1,0.00008
joint,1,0.00008
reconcile,1,0.00008
contentions,1,0.00008
inconsistency,1,0.00008
categories,1,0.00008
minor,1,0.00008
criticized,1,0.00008
fatal,1,0.00008
contributed,1,0.00008
destroys,1,0.00008
vindicate,1,0.00008
formally,1,0.00008
failing,1,0.00008
intended,1,0.00008
outward,1,0.00008
subsequent,1,0.00008
save,1,0.00008
emphatically,1,0.00008
speech,1,0.00008
solve,1,0.00008
modifications,1,0.00008
arose,1,0.00008
admixture,1,0.00008
multiplicity,1,0.00008
changeable,1,0.00008
eternally,1,0.00008
immutable,1,0.00008
indestructible,1,0.00008
supra-sensible,1,0.00008
mysticism,1,0.00008
mystic,1,0.00008
illumination,1,0.00008
heaven,1,0.00008
mystical,1,0.00008
developments,1,0.00008
applied,1,0.00008
pronouns,1,0.00008
nearest,1,0.00008
dictionary,1,0.00008
cut,1,0.00008
cutting,1,0.00008
insubstantial,1,0.00008
avoiding,1,0.00008
forces,1,0.00008
omission,1,0.00008
nouns,1,0.00008
attributing,1,0.00008
interact,1,0.00008
nowadays,1,0.00008
undue,1,0.00008
processes,1,0.00008
beginner,1,0.00008
emerges,1,0.00008
chosen,1,0.00008
resemblances,1,0.00008
unplausible,1,0.00008
triangularity,1,0.00008
rejection,1,0.00008
adversaries,1,0.00008
coming,1,0.00008
south,1,0.00008
presupposed,1,0.00008
apprehends,1,0.00008
nowhen,1,0.00008
peculiar,1,0.00008
guarded,1,0.00008
rob,1,0.00008
convenient,1,0.00008
excluding,1,0.00008
timeless,1,0.00008
rigid,1,0.00008
exact,1,0.00008
delightful,1,0.00008
logician,1,0.00008
builder,1,0.00008
perfection,1,0.00008
sharp,1,0.00008
harm,1,0.00008
temperaments,1,0.00008
shadow,1,0.00008
impartial,1,0.00008
solves,1,0.00008
divided,1,0.00008
sweet,1,0.00008
sour,1,0.00008
loud,1,0.00008
easiest,1,0.00008
glance,1,0.00008
successively,1,0.00008
bell,1,0.00008
retain,1,0.00008
abstracted,1,0.00008
time-relations,1,0.00008
space-relations,1,0.00008
greens,1,0.00008
unsolved,1,0.00008
revert,1,0.00008
solving,1,0.00008
understand--in,1,0.00008
with--in,1,0.00008
interpret,1,0.00008
numerous,1,0.00008
reflecting,1,0.00008
anticipate,1,0.00008
serve,1,0.00008
contrast,1,0.00008
physiology,1,0.00008
subsumed,1,0.00008
extensive,1,0.00008
progress,1,0.00008
producing,1,0.00008
subsumptions,1,0.00008
arrived,1,0.00008
subsequently,1,0.00008
recorded,1,0.00008
multiplication,1,0.00008
products,1,0.00008
undeniable,1,0.00008
impression,1,0.00008
forgotten,1,0.00008
insistent,1,0.00008
luminously,1,0.00008
poisonous,1,0.00008
regress,1,0.00008
starting,1,0.00008
constructing,1,0.00008
disputable,1,0.00008
pursue,1,0.00008
pink,1,0.00008
practised,1,0.00008
abstractions,1,0.00008
grasp,1,0.00008
brightness,1,0.00008
surrounded,1,0.00008
coalesce,1,0.00008
analyses,1,0.00008
recombines,1,0.00008
analogous,1,0.00008
danger,1,0.00008
accompanied,1,0.00008
noticing,1,0.00008
compare,1,0.00008
accurate,1,0.00008
throws,1,0.00008
nearness,1,0.00008
struck,1,0.00008
reliable,1,0.00008
flash,1,0.00008
ate,1,0.00008
conversation,1,0.00008
gradations,1,0.00008
ranging,1,0.00008
faintness,1,0.00008
remoter,1,0.00008
fainter,1,0.00008
aesthetic,1,0.00008
conflict,1,0.00008
retained,1,0.00008
notions,1,0.00008
presumption,1,0.00008
suggestion,1,0.00008
confine,1,0.00008
deceptive,1,0.00008
incompatible,1,0.00008
hoped,1,0.00008
observe,1,0.00008
adequately,1,0.00008
constructed,1,0.00008
correlative,1,0.00008
lies,1,0.00008
scaffold,1,0.00008
centuries,1,0.00008
bed,1,0.00008
arriving,1,0.00008
internal,1,0.00008
view--which,1,0.00008
philosophers--that,1,0.00008
irrefutable,1,0.00008
partly--and,1,0.00008
attained--many,1,0.00008
cohere,1,0.00008
rounded,1,0.00008
novelist,1,0.00008
uncommon,1,0.00008
rival,1,0.00008
skeleton,1,0.00008
framework,1,0.00008
constituting,1,0.00008
precisely,1,0.00008
allowing,1,0.00008
promote,1,0.00008
marriage,1,0.00008
indefinitely,1,0.00008
duly,1,0.00008
allowed,1,0.00008
objective,1,0.00008
refutable,1,0.00008
avoided,1,0.00008
knits,1,0.00008
entertaining,1,0.00008
distinguishes,1,0.00008
definitions,1,0.00008
metaphorically,1,0.00008
inflected,1,0.00008
inflections,1,0.00008
nominative,1,0.00008
accusative,1,0.00008
host,1,0.00008
spoke,1,0.00008
unites,1,0.00008
uniting,1,0.00008
relation--in,1,0.00008
creates,1,0.00008
objects--it,1,0.00008
brick,1,0.00008
structure,1,0.00008
binds,1,0.00008
definiteness,1,0.00008
extrinsic,1,0.00008
entails,1,0.00008
restate,1,0.00008
object-terms,1,0.00008
object-relation,1,0.00008
catching,1,0.00008
trains,1,0.00008
inquire,1,0.00008
attack,1,0.00008
defined,1,0.00008
accord,1,0.00008
intelligent,1,0.00008
anticipation,1,0.00008
telegram,1,0.00008
fortune,1,0.00008
readers,1,0.00008
amend,1,0.00008
intuitively,1,0.00008
formal,1,0.00008
newspapers,1,0.00008
announcement,1,0.00008
amply,1,0.00008
news,1,0.00008
child,1,0.00008
painfully,1,0.00008
realization,1,0.00008
passes,1,0.00008
the-letters,1,0.00008
passage,1,0.00008
runs,1,0.00008
merges,1,0.00008
criterion,1,0.00008
infected,1,0.00008
mitigate,1,0.00008
infallibility,1,0.00008
fulfils,1,0.00008
sunset,1,0.00008
weather,1,0.00008
fine,1,0.00008
west,1,0.00008
combine,1,0.00008
relate,1,0.00008
analyse,1,0.00008
commit,1,0.00008
inclination,1,0.00008
trotting,1,0.00008
hoofs,1,0.00008
intently,1,0.00008
upstairs,1,0.00008
heartbeats,1,0.00008
comparing,1,0.00008
altered,1,0.00008
blue-green,1,0.00008
greeny-blue,1,0.00008
tuning,1,0.00008
musical,1,0.00008
instrument,1,0.00008
continuous,1,0.00008
trusted,1,0.00008
step,1,0.00008
noteworthy,1,0.00008
opposites,1,0.00008
psychologically,1,0.00008
hesitatingly,1,0.00008
mutually,1,0.00008
isolation,1,0.00008
introduce,1,0.00008
pretty,1,0.00008
condemns,1,0.00008
confirms,1,0.00008
transform,1,0.00008
philosophers--or,1,0.00008
many--profess,1,0.00008
dogmas,1,0.00008
religion,1,0.00008
rationality,1,0.00008
illusoriness,1,0.00008
theses,1,0.00008
inspiration,1,0.00008
life-long,1,0.00008
vain,1,0.00008
proposed,1,0.00008
surviving,1,0.00008
representative,1,0.00008
type,1,0.00008
thesis,1,0.00008
short,1,0.00008
complement,1,0.00008
supplied,1,0.00008
comparative,1,0.00008
anatomist,1,0.00008
bone,1,0.00008
animal,1,0.00008
be--at,1,0.00008
outlines,1,0.00008
grapple,1,0.00008
reconstructed,1,0.00008
forget,1,0.00008
started,1,0.00008
advances,1,0.00008
development,1,0.00008
surveys,1,0.00008
logically--so,1,0.00008
believes--to,1,0.00008
striving,1,0.00008
struggling,1,0.00008
disappear,1,0.00008
eternal,1,0.00008
unchanging,1,0.00008
undeniably,1,0.00008
sublime,1,0.00008
yield,1,0.00008
unwarrantable,1,0.00008
assumptions,1,0.00008
tenet,1,0.00008
self-subsistent,1,0.00008
memories,1,0.00008
hatreds,1,0.00008
hates,1,0.00008
fragment,1,0.00008
sum-total,1,0.00008
connects,1,0.00008
usage,1,0.00008
it--theoretically,1,0.00008
toothache,1,0.00008
dentist,1,0.00008
relational,1,0.00008
remote,1,0.00008
disappointing,1,0.00008
harmony,1,0.00008
temper,1,0.00008
borne,1,0.00008
ambitious,1,0.00008
proceeded,1,0.00008
features,1,0.00008
illusory,1,0.00008
afforded,1,0.00008
forwards,1,0.00008
halves,1,0.00008
infinitum,1,0.00008
elapse,1,0.00008
facts--infinite,1,0.00008
divisibility--philosophers,1,0.00008
tending,1,0.00008
instants,1,0.00008
emerged,1,0.00008
emphasized,1,0.00008
declared,1,0.00008
mistake,1,0.00008
contradictory,1,0.00008
obstinate,1,0.00008
inoperative,1,0.00008
constructions,1,0.00008
dried,1,0.00008
loosen,1,0.00008
differing--some,1,0.00008
less--from,1,0.00008
live,1,0.00008
reversed,1,0.00008
partially,1,0.00008
decides,1,0.00008
enormously,1,0.00008
walls,1,0.00008
nook,1,0.00008
cranny,1,0.00008
explored,1,0.00008
directions,1,0.00008
prescribe,1,0.00008
broken,1,0.00008
bar,1,0.00008
liberator,1,0.00008
alternatives,1,0.00008
closed,1,0.00008
unreflective,1,0.00008
leaving,1,0.00008
task,1,0.00008
deciding,1,0.00008
decision,1,0.00008
choice,1,0.00008
experience--not,1,0.00008
descend,1,0.00008
combination,1,0.00008
examines,1,0.00008
searches,1,0.00008
inconsistencies,1,0.00008
accepts,1,0.00008
disengaged,1,0.00008
revealed,1,0.00008
bolder,1,0.00008
seldom,1,0.00008
possess,1,0.00008
impose,1,0.00008
attitude,1,0.00008
sceptic,1,0.00008
placing,1,0.00008
demanding,1,0.00008
disputants,1,0.00008
blank,1,0.00008
employs,1,0.00008
destructive,1,0.00008
consisted,1,0.00008
pausing,1,0.00008
abstain,1,0.00008
beliefs--such,1,0.00008
sense-data--which,1,0.00008
melt,1,0.00008
bid,1,0.00008
advocates,1,0.00008
aimed,1,0.00008
determines,1,0.00008
merits,1,0.00008
completed,1,0.00008
fallible,1,0.00008
justly,1,0.00008
diminishes,1,0.00008
negligible,1,0.00008
mistakes,1,0.00008
prudent,1,0.00008
advocate,1,0.00008
review,1,0.00008
influence,1,0.00008
affairs,1,0.00008
innocent,1,0.00008
trifling,1,0.00008
hair-splitting,1,0.00008
strives,1,0.00008
achieve,1,0.00008
inventions,1,0.00008
ignorant,1,0.00008
recognizes,1,0.00008
oblivious,1,0.00008
poverty,1,0.00008
disease,1,0.00008
lowest,1,0.00008
society,1,0.00008
persuaded,1,0.00008
waste,1,0.00008
studies,1,0.00008
success,1,0.00008
mineralogist,1,0.00008
historian,1,0.00008
ascertained,1,0.00008
candid,1,0.00008
confess,1,0.00008
heavens,1,0.00008
separated,1,0.00008
psychology,1,0.00008
residue,1,0.00008
questions--and,1,0.00008
profoundest,1,0.00008
life--which,1,0.00008
insoluble,1,0.00008
powers,1,0.00008
fortuitous,1,0.00008
concourse,1,0.00008
atoms,1,0.00008
transitory,1,0.00008
accident,1,0.00008
planet,1,0.00008
variously,1,0.00008
demonstrably,1,0.00008
approaches,1,0.00008
speculative,1,0.00008
killed,1,0.00008
confining,1,0.00008
limitations,1,0.00008
unwise,1,0.00008
pronounce,1,0.00008
investigations,1,0.00008
astray,1,0.00008
renounce,1,0.00008
tincture,1,0.00008
imprisoned,1,0.00008
habitual,1,0.00008
nation,1,0.00008
co-operation,1,0.00008
consent,1,0.00008
deliberate,1,0.00008
rouse,1,0.00008
contemptuously,1,0.00008
philosophize,1,0.00008
everyday,1,0.00008
tyranny,1,0.00008
custom,1,0.00008
removes,1,0.00008
arrogant,1,0.00008
dogmatism,1,0.00008
liberating,1,0.00008
unsuspected,1,0.00008
value--perhaps,1,0.00008
value--through,1,0.00008
family,1,0.00008
friends,1,0.00008
hinder,1,0.00008
feverish,1,0.00008
calm,1,0.00008
midst,1,0.00008
lay,1,0.00008
garrison,1,0.00008
beleagured,1,0.00008
fortress,1,0.00008
surrender,1,0.00008
inevitable,1,0.00008
peace,1,0.00008
powerlessness,1,0.00008
divide,1,0.00008
camps--friends,1,0.00008
foes,1,0.00008
helpful,1,0.00008
bad--it,1,0.00008
impartially,1,0.00008
aim,1,0.00008
akin,1,0.00008
acquisition,1,0.00008
operative,1,0.00008
adapts,1,0.00008
alien,1,0.00008
obstacle,1,0.00008
sets,1,0.00008
bounds,1,0.00008
enlarged,1,0.00008
achieves,1,0.00008
soul,1,0.00008
fostered,1,0.00008
assimilate,1,0.00008
impaired,1,0.00008
dominion,1,0.00008
force,1,0.00008
conformity,1,0.00008
man-made,1,0.00008
robbing,1,0.00008
fetters,1,0.00008
habits,1,0.00008
impenetrable,1,0.00008
veil,1,0.00008
domestic,1,0.00008
fear,1,0.00008
satisfaction,1,0.00008
magnifies,1,0.00008
contemplated,1,0.00008
contemplating,1,0.00008
self-interest,1,0.00008
distorts,1,0.00008
impairs,1,0.00008
barrier,1,0.00008
trammels,1,0.00008
customary,1,0.00008
traditional,1,0.00008
dispassionately,1,0.00008
knowledge--knowledge,1,0.00008
impersonal,1,0.00008
contemplative,1,0.00008
attain,1,0.00008
accidents,1,0.00008
enter,1,0.00008
distort,1,0.00008
infinitesimal,1,0.00008
fragments,1,0.00008
unaffected,1,0.00008
deeds,1,0.00008
admirable,1,0.00008
enlarges,1,0.00008
affections,1,0.00008
citizens,1,0.00008
walled,1,0.00008
city,1,0.00008
war,1,0.00008
citizenship,1,0.00008
liberation,1,0.00008
thraldom,1,0.00008
enrich,1,0.00008
diminish,1,0.00008
dogmatic,1,0.00008
assurance,1,0.00008
closes,1,0.00008
elementary,1,0.00008
profitable,1,0.00008
all-round,1,0.00008
handbooks,1,0.00008
specially,1,0.00008
onethe,1,0.00008
renamed,1,0.00008
creation,1,0.00008
reports,1,0.00008
performances,1,0.00008
awayyou,1,0.00008
commercial,1,0.00008
redistribution,1,0.00008
file,1,0.00008
www.gutenberg.org/license,1,0.00008
abide,1,0.00008
possession,1,0.00008
lot,1,0.00008
compilation,1,0.00008
unprotected,1,0.00008
prevent,1,0.00008
sharing,1,0.00008
attached,1,0.00008
countries,1,0.00008
downloading,1,0.00008
representations,1,0.00008
accessed,1,0.00008
displayed,1,0.00008
texts,1,0.00008
indicating,1,0.00008
redistributing,1,0.00008
appearing,1,0.00008
linked,1,0.00008
unlink,1,0.00008
detach,1,0.00008
files,1,0.00008
display,1,0.00008
redistribute,1,0.00008
convert,1,0.00008
binary,1,0.00008
compressed,1,0.00008
nonproprietary,1,0.00008
proprietary,1,0.00008
processing,1,0.00008
hypertext,1,0.00008
version,1,0.00008
expense,1,0.00008
exporting,1,0.00008
request,1,0.00008
alternate,1,0.00008
viewing,1,0.00008
pay,1,0.00008
royalty,1,0.00008
profits,1,0.00008
calculated,1,0.00008
calculate,1,0.00008
taxes,1,0.00008
owed,1,0.00008
legally,1,0.00008
periodic,1,0.00008
returns,1,0.00008
address,1,0.00008
notifies,1,0.00008
e-mail,1,0.00008
s/he,1,0.00008
possessed,1,0.00008
discontinue,1,0.00008
reported,1,0.00008
manager,1,0.00008
employees,1,0.00008
expend,1,0.00008
transcribe,1,0.00008
proofread,1,0.00008
stored,1,0.00008
inaccurate,1,0.00008
corrupt,1,0.00008
transcription,1,0.00008
infringement,1,0.00008
damaged,1,0.00008
disk,1,0.00008
virus,1,0.00008
codes,1,0.00008
damage,1,0.00008
party,1,0.00008
disclaim,1,0.00008
receiving,1,0.00008
sending,1,0.00008
elect,1,0.00008
opportunity,1,0.00008
opportunities,1,0.00008
disclaimers,1,0.00008
warranties,1,0.00008
exclusion,1,0.00008
types,1,0.00008
violates,1,0.00008
interpreted,1,0.00008
maximum,1,0.00008
invalidity,1,0.00008
unenforceability,1,0.00008
provision,1,0.00008
void,1,0.00008
provisions,1,0.00008
indemnify,1,0.00008
agent,1,0.00008
employee,1,0.00008
production,1,0.00008
promotion,1,0.00008
harmless,1,0.00008
alteration,1,0.00008
modification,1,0.00008
deletions,1,0.00008
synonymous,1,0.00008
formats,1,0.00008
readable,1,0.00008
variety,1,0.00008
obsolete,1,0.00008
middle-aged,1,0.00008
hundreds,1,0.00008
walks,1,0.00008
financial,1,0.00008
goals,1,0.00008
ensuring,1,0.00008
non-profit,1,0.00008
educational,1,0.00008
corporation,1,0.00008
organized,1,0.00008
identification,1,0.00008
deductible,1,0.00008
states,1,0.00008
office,1,0.00008
www.gutenberg.org/contact,1,0.00008
survive,1,0.00008
carry,1,0.00008
increasing,1,0.00008
licensed,1,0.00008
machine-readable,1,0.00008
accessible,1,0.00008
array,1,0.00008
outdated,1,0.00008
maintaining,1,0.00008
regulating,1,0.00008
charities,1,0.00008
charitable,1,0.00008
paperwork,1,0.00008
locations,1,0.00008
confirmation,1,0.00008
contributions,1,0.00008
solicitation,1,0.00008
prohibition,1,0.00008
unsolicited,1,0.00008
donors,1,0.00008
gratefully,1,0.00008
treatment,1,0.00008
swamp,1,0.00008
staff,1,0.00008
current,1,0.00008
donation,1,0.00008
addresses,1,0.00008
checks,1,0.00008
card,1,0.00008
originator,1,0.00008
library,1,0.00008
loose,1,0.00008
network,1,0.00008
volunteer,1,0.00008
confirmed,1,0.00008
edition,1,0.00008
facility,1,0.00008
includes,1,0.00008
subscribe,1,0.00008
email,1,0.00008
newsletter,1,0.00008
